rand_index,media,desvio_padrao
1.0,1.0,0.0
0.0,0.5,0.5
0.3333333333333333,0.4444444444444444,0.41573970964154905
0.5,0.4583333333333333,0.36084391824351614
0.4,0.44666666666666666,0.32359096265364257
0.4666666666666667,0.45,0.29549080326604893
0.5238095238095238,0.4605442176870748,0.2747878327020037
0.5714285714285714,0.4744047619047619,0.25964323923030336
0.6111111111111112,0.48959435626102293,0.248535489383306
0.5333333333333333,0.49396825396825395,0.23614630923450694
0.4909090909090909,0.4936901482356028,0.22515838896988055
0.4696969696969697,0.4916907166907167,0.21567471673351568
0.46153846153846156,0.4893713124482355,0.20736927754041415
0.46153846153846156,0.48738325166896596,0.1999545588859289
0.4666666666666667,0.48600214600214603,0.1932435637170431
0.4666666666666667,0.48479367854367855,0.18716580520932924
0.47058823529411764,0.48395806423488086,0.1816082633810509
0.477124183006536,0.48357840416663944,0.17649844978255463
0.4853801169590643,0.4836732311557145,0.17179144719835465
0.49473684210526314,0.4842264117031919,0.16745895147654502
0.5047619047619047,0.48520429232503537,0.1634817062442155
0.5151515151515151,0.486565529726239,0.15984476911311696
0.525691699604743,0.4882666675470435,0.15653475830767383
0.5362318840579711,0.4902652182349988,0.15353837792805083
0.5466666666666666,0.49252127617226554,0.15084172928900408
0.556923076923077,0.4949982685088352,0.1484300860474587
0.5669515669515669,0.49766320548819565,0.1462879298958099
0.5767195767195767,0.5004866473178878,0.14439912154254872
0.5862068965517241,0.5034425179811236,0.14274713109286072
0.5655172413793104,0.5055116754277298,0.14078948688625212
0.5741935483870968,0.5077272197167416,0.13903067896211155
0.5826612903225806,0.5100689094231741,0.13746079703278127
0.5909090909090909,0.5125186118924443,0.13606951917698823
0.5989304812834224,0.5150601374627672,0.13484626942154626
0.6067226890756302,0.517679067508849,0.1337803660986962
0.5873015873015873,0.5196130263919806,0.132404490791603
0.5945945945945946,0.5216395552623215,0.1311677751503085
0.577524893314367,0.5231102220531648,0.12973915491640312
0.5843454790823212,0.5246803568487842,0.12843027093406534
0.591025641025641,0.5263389889532056,0.12723705233833174
0.5975609756097561,0.5280761105789752,0.12615510678061365
0.6039488966318235,0.5298826054849953,0.12517979122444917
0.6101882613510521,0.5317501788772292,0.12430627845841626
0.6162790697674418,0.533671290033825,0.12352961838062658
0.6,0.5351452613664066,0.1225400308568902
0.6057971014492753,0.5366811709334255,0.12163790080633716
0.6114708603145236,0.5382724409202574,0.120819922007041
0.6170212765957447,0.5399130416634967,0.1200826538914896
0.6224489795918368,0.5415974485599935,0.11942256116938957
0.6277551020408163,0.5433206016296099,0.11883604975972806
0.6329411764705882,0.5450778678029624,0.11831949902741747
0.6380090497737556,0.5468650059177854,0.11786929038950994
0.6429608127721336,0.5486781343489995,0.11748183240806025
0.6477987421383647,0.5505137011599137,0.11715358252581995
0.6323232323232323,0.552001147181065,0.11659713505397998
0.637012987012987,0.5535192157494921,0.11609855832771983
0.6228070175438597,0.5547347912195687,0.11543461646641516
0.6273442226255294,0.5559866779679473,0.11482481554995953
0.6317942723553478,0.5572715524490898,0.11426732020596271
0.6186440677966102,0.5582944277048817,0.11358315725851961
0.6229508196721312,0.5593543685568039,0.11294710308695534
0.627181385510312,0.5604483527012153,0.11235788417055191
0.6149513568868408,0.5613134797517808,0.11167055159052738
0.6036706349206349,0.5619753103012941,0.11091915391712907
0.6076923076923076,0.5626786487226944,0.11020635514929025
0.6116550116550117,0.5634207148277295,0.10953178498978118
0.6155585707824514,0.5641988917822776,0.10889497682223674
0.6194029850746269,0.5650107166836356,0.10829537809412572
0.6086956521739131,0.5656438316907411,0.1076344566836897
0.6124223602484472,0.5663120963844226,0.1070069512175253
0.6160965794768611,0.567013286287133,0.10641254552486698
0.6197183098591549,0.5677453005034111,0.10585084879232569
0.6232876712328768,0.5685061548969654,0.10532140326608799
0.6268048870788597,0.5692939756021261,0.10482369150143979
0.6165765765765766,0.5699244102817854,0.1042636595024171
0.62,0.5705832996201831,0.10373250469966043
0.6103896103896104,0.5711002646951107,0.10315521253808008
0.6137196137196137,0.5716466666056812,0.10260391592331677
0.6046738072054528,0.5720647316765644,0.10201929219519315
0.6079113924050633,0.5725128149356706,0.10145786460505812
0.5993827160493828,0.572844542109914,0.1008732820360667
0.6025293586269196,0.5732065520674384,0.10030924035563651
0.6056420805171907,0.5735973415668331,0.0997659170802302
0.6087205966724039,0.574015475556185,0.09924343137216175
0.611764705882353,0.5744595841482576,0.09874184808982213
0.6147742818057456,0.5749283597024145,0.0982611816383473
0.6177492649024325,0.5754205540150583,0.09780139963123458
0.6206896551724138,0.5759349756191192,0.09736242637288958
0.6235955056179775,0.5764704871921401,0.09694414617146735
0.6152309612983771,0.5769011591266539,0.09648964174401738
0.6180708180708181,0.5773535729612052,0.09605395129159758
0.6208791208791209,0.5778266767429215,0.09563703934239987
0.6129032258064516,0.5782038439371531,0.0951902406240018
0.6156485929993136,0.5786021923314314,0.09476045447358604
0.6183650615901456,0.5790207488499441,0.09434770817373118
0.6210526315789474,0.5794585809617047,0.09395199515760831
0.6237113402061856,0.5799147949745344,0.09357327730070178
0.6263412581527457,0.5803885343947202,0.09321148710864567
0.6289424860853432,0.5808789783511911,0.09286652980667748
0.6315151515151515,0.5813853400828307,0.09253828533571826
0.6340594059405941,0.581906865487363,0.09222661025961999
0.6365754222481071,0.5824428317301154,0.09193133958767992
0.6390633923472302,0.5829925459108641,0.0916522885161131
0.6415235250186706,0.5835553437869007,0.09138925409180104
0.643956043956044,0.5841305885504163,0.09114201680129744
0.6463611859838275,0.5847176696582788,0.09091034208777232
0.6385117263269264,0.5852204178514436,0.09063245727285242
0.6408791969539633,0.5857357769172077,0.09036926011409938
0.6432212028542303,0.5862631661459877,0.09012058179864908
0.6455379482902419,0.5868020278018447,0.08988623914488372
0.6478296478296478,0.5873518261804734,0.08966603584075716
0.650096525096525,0.5879120467065097,0.08945976362762516
0.6523388116308471,0.5884821950686719,0.08926720343132984
0.6447756559540444,0.5889759973571401,0.08902969904897103
0.6469870327993897,0.5894804411435944,0.08880524713151305
0.6491754122938531,0.5899950529638552,0.08859368411865767
0.6419098143236074,0.590438768872913,0.08834362046846062
0.6440677966101694,0.5908932521588219,0.08810574090954384
0.6370887337986042,0.591281449483526,0.08783605030006097
0.6392156862745098,0.5916809014567842,0.08757777399625657
0.6325068870523416,0.5920183062964169,0.08729341449849123
0.6346023574041458,0.5923673558956606,0.08701966536054288
0.6366786618685859,0.5927276104157657,0.08675650590364749
0.6387359034880672,0.5930986450373165,0.08650390277904499
0.632258064516129,0.5934119203931469,0.0862277874821173
0.6342857142857142,0.5937363155827705,0.08596147736893543
0.6362954630671166,0.594071426980285,0.08570496652713053
0.6300442913385826,0.5943524649830842,0.08542825392224652
0.6320251937984496,0.5946445016405677,0.08516061038595032
0.6259988073941563,0.594885688607903,0.08487665456178414
0.6201996476805637,0.595078924936702,0.08458077798498648
0.6146194772148971,0.595226959423658,0.08427682061638227
0.6165413533834586,0.5953872180248595,0.08397957935986168
0.6184491078442375,0.595559321680228,0.0836891752127804
0.6130458817025981,0.5956888517544677,0.083392120293475
0.6149237472766884,0.5958302848097782,0.08310121547857706
0.6097037355088021,0.5959315508732748,0.08280579256294246
0.6046757643076273,0.595994914738741,0.08250855945199018
0.6065060994682515,0.5960705347727663,0.08221602965501416
0.6083247687564234,0.5961580650155067,0.08192837431975918
0.6101317122593718,0.5962571688966689,0.08164575230488072
0.6119268804315253,0.5963675189779003,0.0813683106679288
0.6137102334285433,0.5964887967013314,0.08109618513247678
0.6087801087801088,0.5965741530352118,0.08082055633410179
0.6105363984674329,0.5966704443830202,0.08054967089640229
0.6122815304676429,0.5967773696301751,0.08028366709864644
0.6140154692013792,0.5968946356136526,0.08002267290293144
0.6157381871667585,0.5970219569079305,0.07976680634967827
0.6174496644295302,0.597159055616129,0.07951617593720829
0.6191498881431767,0.5973056611663093,0.07927088098635855
0.6208388520971302,0.5974615101128711,0.07903101199103454
0.6225165562913907,0.5976263459429929,0.0787966509555424
0.6241830065359477,0.597799918888045,0.07856787171948956
0.6258382140735081,0.5979819857398986,0.07834474027099163
0.6274821952241307,0.5981723096720549,0.078127315048874
0.6225806451612903,0.5983287733610885,0.07790086312179309
0.6242038216560509,0.5984935825858971,0.07767965377219495
0.6258163347577199,0.5986665113971112,0.07746375222928707
0.6274181991879627,0.5988473396222109,0.07725321674626956
0.6290094339622642,0.5990358527118362,0.07704809886164919
0.6305900621118012,0.5992318415900969,0.07684844365194315
0.63216011042098,0.599435102508806,0.07665428997626138
0.6337196091797319,0.5996454369055603,0.076465670713222
0.6352685919497232,0.5998626512655856,0.0762826129906211
0.6368070953436807,0.6000865569872711,0.07610513840824668
0.6383351588170866,0.600316970251306,0.07593326325419701
0.6335040761849794,0.6005156954365376,0.07574886124501477
0.6350156829198745,0.6007210525048908,0.07556969311605986
0.6365173288250211,0.6009328647908088,0.07539578340639382
0.6318134354333449,0.6011145152063531,0.07521078546122732
0.6272445820433437,0.6012673226147566,0.07501701054553177
0.6287229702162382,0.6014269484729047,0.07482774015865203
0.6242774566473989,0.601559032335185,0.074631268047199
0.625739153544615,0.6016979985490323,0.07443894534037489
0.6214121510673235,0.6018106508491369,0.07424083098650855
0.6172077922077922,0.6018981346068565,0.07403866455488725
0.6186440677966102,0.601992744398889,0.07383988783900712
0.6200723671681585,0.6020943153133231,0.07364457903500676
0.6214926872136087,0.6022026861060621,0.07345281122650694
0.6229050279329609,0.6023176991162116,0.07326465254720291
0.6243093922651933,0.602439200183333,0.0730801663379416
0.6201809240483274,0.6025366821825912,0.0728909194866009
0.6161652555095178,0.6026111552608804,0.07269843396907377
0.6175457353290568,0.6026923214569031,0.07250892863624013
0.6136310223266745,0.6027514495697127,0.072317140844113
0.6149956408020925,0.602817278554833,0.07212803554938563
0.6111781956184233,0.6028619893412693,0.0719375057207231
0.6125270224143816,0.6029133990916582,0.07174937172124778
0.6088033322075875,0.6029445627589383,0.07156058254537902
0.6101364522417154,0.6029824148088476,0.07137391382441301
0.606503168917057,0.6030008480764298,0.07118727936498866
0.6029668411867365,0.6030006709572128,0.07100165385169342
0.5995250431778929,0.6029826625231229,0.07081791248097916
0.6008226056300411,0.6029715282092412,0.070635325641695
0.59746233148295,0.6029432759183371,0.07045507555488724
0.5941915227629513,0.6028986241165238,0.07027787951155243
0.5954625505024345,0.6028608775499549,0.07010127419560878
0.5922678562272471,0.6028073774422644,0.06992805856595082
0.5935231714126187,0.6027607231406079,0.06975522788154526
0.5904020100502513,0.6026989295751561,0.06958608142598485
0.5916417910447761,0.6026439189357015,0.06941712542287397
0.592877198167578,0.602595568832889,0.06924848049623587
0.5941081792908355,0.6025537590321892,0.06908026299274347
0.5910364145658263,0.6024973014612757,0.0689154353287712
0.5922525107604018,0.6024473268724909,0.06875084879207577
0.5892493488041677,0.6023832590177903,0.06858990907105168
0.5904507293278927,0.6023256139468247,0.06842903430895983
0.5916480862133036,0.602274279678875,0.06826833854505225
0.5928413691571587,0.602229146135709,0.06810793193350866
0.5940305308726361,0.6021901051106467,0.06794792085512161
0.5952155269690814,0.6021570502379379,0.0677884080245663
0.5963963158365376,0.6021298769624596,0.06762949259346819
0.5934095136858889,0.6020889362897995,0.0674731844015397
0.5904962485191523,0.602034764851619,0.06731999477480632
0.591653988263421,0.6019864821698134,0.06716696801524318
0.592807924203273,0.6019439888458943,0.06701420517794532
0.593958013312852,0.6019071871153272,0.06686180397094169
0.595104215110134,0.6018759808217254,0.06670985884721392
0.5962464915587952,0.6018502753913011,0.06655846109318707
0.5973848069738481,0.6018299778075854,0.06640769891385814
0.5985191279308927,0.6018149965864239,0.06625765751472167
0.599649423178835,0.6018052417512546,0.06610841918064242
0.6007756635559326,0.6018006248086747,0.06596006335181961
0.6018978219090326,0.6018010587243012,0.06581266669697929
0.603015873015873,0.6018064578989305,0.06566630318392566
0.6041297935103245,0.6018167381449986,0.06552104414757624
0.6052395618104557,0.6018318166633486,0.06537695835559965
0.6022876574696654,0.6018338159651307,0.06523343723743769
0.5994024362215583,0.6018231985863378,0.06509104775148516
0.6004936396430606,0.6018174178952801,0.06494945024176196
0.5976661020139281,0.6017994468308586,0.06480928761278844
0.5987460815047022,0.6017862857734183,0.0646697709460212
0.5998224063933698,0.6017778571065512,0.06453097309650763
0.6008950515388284,0.6017740844331848,0.06439296452191376
0.6019639934533552,0.6017748925566749,0.06425581334122163
0.5991705733862243,0.6017638573059526,0.06411975678344155
0.6002288493170278,0.6017573804789952,0.06398441740216931
0.5974896287628976,0.6017394487490956,0.06385045162269491
0.5985373228789423,0.6017260507329025,0.06371706850612548
0.599581589958159,0.6017171154796744,0.06358433609831149
0.5968879668049792,0.6016970775183687,0.06345304060365914
0.597921881965639,0.6016814775367457,0.06332226667024152
0.5952793932591912,0.6016551315109122,0.0631931686945825
0.5963030425689806,0.6016331967201666,0.06306446850692758
0.5973235195717631,0.6016156062011935,0.06293623372824578
0.5983407997345279,0.6016022939797843,0.06280852992653753
0.5993548599453606,0.6015931950565679,0.06268142066537605
0.6003656784641505,0.6015882453928889,0.06255496755076492
0.6013732348749838,0.601587381896833,0.062429230276386485
0.5987469879518073,0.601576020321053,0.062304504652521964
0.5997450199203187,0.6015687254987393,0.062180375204532214
0.6007398975526466,0.6015654364989532,0.06205690068283169
0.5981554677206851,0.6015519583614897,0.06193450673056475
0.5991410164638511,0.6015424664642549,0.06181265255764519
0.6001235139725182,0.6015369019446795,0.06169139596309669
0.5975796568627451,0.6015214439560781,0.06157128186937906
0.5985530155642024,0.6015098936510513,0.06145165451470179
0.5960546556872681,0.6014887493178585,0.06133338323074519
0.5970189458561551,0.6014714913894349,0.06121549214116543
0.5979803979803979,0.6014580641070923,0.061098038766248815
0.5989389920424403,0.6014484124899865,0.0609810789728316
0.5998947091339826,0.6014424823245055,0.06086466701094929
0.6008475314196151,0.6014402201537645,0.06074885554926253
0.6017974421016246,0.6014415732672034,0.06063369570931213
0.6027444253859349,0.6014464896902929,0.060519237098653575
0.600255355369556,0.6014420117417187,0.060405416001728496
0.6011939962265214,0.601441082844658,0.06029219303330239
0.6021298004360222,0.6014436526864169,0.06017961712210979
0.6030627531487543,0.6014496716472434,0.060067735764538194
0.6039928404240672,0.6014590907908612,0.059956595054417555
0.604920049200492,0.6014718618551035,0.059846239711867436
0.605844367267202,0.6014879372426479,0.059736713111242505
0.6033721180780004,0.6014948390039496,0.059627313483514716
0.6009464987567177,0.6014928377621713,0.05951841424249845
0.6018579960185799,0.6014941656103765,0.05941010445295977
0.6027667984189723,0.6014987765988135,0.05930242908367348
0.6036728927954795,0.6015066253937472,0.059195431817079244
0.6045762667844065,0.6015176672692533,0.059089155075117326
0.6021763234573632,0.601520028044121,0.058983178607921176
0.6030721966205838,0.6015255715033226,0.05887783010178525
0.6039654295882054,0.601534254272308,0.05877315148959371
0.6048560107013957,0.6015460335504254,0.05866918350780199
0.6057439290278926,0.6015608671033492,0.05856596571979459
0.6066291743393222,0.6015787132555885,0.05846353653853597
0.6075117370892019,0.6015995308830749,0.0583619332485448
0.6051282051282051,0.601611868904911,0.05826018488857393
0.6060037523452158,0.6016271716346682,0.05815917352246003
0.6036585365853658,0.6016342249851915,0.058058237898757616
0.6045271049596309,0.6016442349505009,0.05795795303000098
0.6022193055721274,0.6016462179526445,0.05785794905242845
0.6030809337599241,0.6016511482475149,0.05775851223965785
0.6039401214517723,0.6016589871968445,0.05765968091890281
0.6047968581981392,0.6016696966541868,0.057561492369099757
0.605651134173806,0.6016832389586754,0.057463982840598636
0.6033667704369884,0.6016889458450425,0.057366587035751176
0.6042143838754008,0.6016974777302802,0.05726978951575563
0.6050596050596051,0.6017087980243183,0.05717362616378957
0.6059024246943711,0.6017228705970367,0.05707813188361655
0.6067428340553523,0.6017396597724824,0.056983340617482635
0.6075808249721293,0.601759130323148,0.056889285363492734
0.6084163898117386,0.6017812474643061,0.05679599819248835
0.6061472794878,0.6017957045239866,0.05670244186113554
0.6039166830590343,0.6018027044531451,0.056608926847201375
0.6047420531526837,0.6018123733633409,0.056515993974702965
0.605565142364107,0.6018246775239992,0.05642367657562848
0.6063859423550841,0.6018395836182184,0.05633200709168352
0.6072044452960337,0.6018570587376901,0.056241017090052345
0.6049959812174796,0.6018672500444427,0.05614992644537703
0.6028243601059136,0.6018703474880074,0.056059021686896894
0.6036329470717194,0.6018760332931161,0.05596862011634259
0.6044393735089721,0.601884275544614,0.05587875440477539
0.6052436309671037,0.6018950427094297,0.05578945638310565
0.6060457114770214,0.6019083036320099,0.055700757056834985
0.6038949146334018,0.6019146304186385,0.05561210349870555
0.6046911333535537,0.60192344471367,0.05552397983135665
0.6025718304199317,0.6019254965671708,0.055436067779001834
0.6033622169867827,0.6019300288082421,0.05534861875707537
0.6041505465944488,0.6019370115685762,0.05526166395164635
0.6049368111827448,0.6019464153291221,0.05517523376904169
0.6057210031347963,0.6019582109160149,0.055089357849260556
0.6036214953271029,0.601963392487389,0.05500356004719103
0.6015556974516747,0.6019621263537377,0.05491808906285634
0.6023306347710708,0.6019632672466706,0.054833014461717164
0.6031036196154875,0.6019667868527472,0.05474836676073603
0.6038746438746438,0.6019726571820453,0.05466417573963128
0.6046436998584238,0.6019808505644881,0.054580470453464855
0.6054107802855481,0.601991339646204,0.05449727924486949
0.6061758782725442,0.6020040973859184,0.054414629755929526
0.6069389873230039,0.6020190970513807,0.05433254893972872
0.6077001013171226,0.6020363122158223,0.05425106307157833
0.6084592145015105,0.6020557167544498,0.054170197759938164
0.6063953699996361,0.6020687879991642,0.05408907739872805
0.6071493179926915,0.6020840448459917,0.05400851695232931
0.6079013144881409,0.6021014618209681,0.05392854185081302
0.6058629010635446,0.6021126899978116,0.0538483823209897
0.6038557213930348,0.6021178775912498,0.05376827492326255
0.6045994065281899,0.6021252411785998,0.05368861043713727
0.6026197039664285,0.602126704086256,0.05360913731195181
0.6033582936237804,0.6021303370937414,0.0535300510607083
0.6040950893631789,0.6021361157768867,0.053451378322687704
0.6048300845264792,0.6021440159784984,0.053373145117990684
0.6055632727958704,0.6021540138054499,0.05329537685750371
0.6062946481850886,0.6021660856257987,0.0532180983525888
0.6070242050308495,0.6021802080659296,0.0531413338245076
0.6077519379844961,0.6021963580077225,0.053065106913589864
0.6084778420038536,0.6022145125857461,0.05298944068815641
0.6092019123452883,0.6022346491844768,0.052914357653206005
0.6099241445559641,0.6022567454355442,0.052839879758875545
0.6106445344662912,0.602280779215002,0.05276602840868254
0.6086614817846909,0.6022990097937725,0.052691695122162374
0.6093772893772894,0.602319175832472,0.052617934732828574
0.6074203574203574,0.6023336678256194,0.052543841667976016
0.608131599278908,0.6023500925606146,0.05247026907804908
0.6062002848866055,0.602360968810123,0.052396504592674295
0.6069069785947322,0.6023737744714881,0.052323209389763
0.6050007912644406,0.6023811537321424,0.05224985504339222
0.6057029553394392,0.6023904584985494,0.052176920018361446
0.6038214168348904,0.6023944555888744,0.052104050998729
0.6045190706649445,0.6024003737367186,0.0520315525690732
0.6026617146394305,0.6024010996836706,0.05195923808984954
0.6033548784241305,0.6024037417300431,0.05188724669469912
0.6040464639353545,0.6024082796366875,0.051815601398801286
0.6047364656103983,0.6024146933721524,0.05174432471799415
0.6054248781521508,0.6024229631105589,0.05167343867634353
0.6035827186512118,0.602426140522999,0.05160264020207526
0.6042667864361105,0.6024311696101934,0.05153218614355575
0.6049493009335776,0.6024380310034451,0.05146209832795854
0.6056302570785452,0.602446705530823,0.051392398109831074
0.6038058206669024,0.6024503887696743,0.051322762107284405
0.6044825313117996,0.6024558810468151,0.051253468685534036
0.6051577183652656,0.6024631636271883,0.05118453901287053
0.6058313769817117,0.6024722179641628,0.051115993803137444
0.6065035025512411,0.6024830256976402,0.05104785332234738
0.6046938395148457,0.6024889369645312,0.0509796896823025
0.6053618538324421,0.602496598076179,0.050911886966154556
0.6060283687943262,0.6025059910834081,0.05084446527732872
0.606693379987584,0.6025170982157798,0.05077744428831737
0.6073568832189522,0.6025299018798094,0.05071084324679393
0.6080188745096397,0.6025443846571968,0.050644680981568185
0.6086793500902652,0.6025605293030734,0.050578975908388876
0.609338306395911,0.6025783187442619,0.050513746035599306
0.6099957400612882,0.6025977360775525,0.05044900896965149
0.6106516479160117,0.6026187645679923,0.05038478192048406
0.6113060269799826,0.6026413876471902,0.05032108170676936
0.6119588744588744,0.6026655889116362,0.050257924761034564
0.6126101877397214,0.6026913521210354,0.05019532713466182
0.6132599643866061,0.602718661196657,0.050133304502772286
0.6139082021364448,0.6027475002196977,0.05007187216899853
0.6145548988948666,0.6027778534296596,0.05001104507014993
0.6152000527321864,0.602809705222743,0.04995083778077541
0.6158436618794675,0.6028430401502538,0.0498912645176278
0.6164857247246724,0.6028778429170253,0.049832339144033955
0.6171262398089007,0.6029140983798544,0.04977407517417462
0.6177652058227096,0.602951791545953,0.04971648577727807
0.6184026216025188,0.6029909075714127,0.0496595837817312
0.6165707710011508,0.6030252001558313,0.04960152531677321
0.6172047935272117,0.6030609170157087,0.0495441139883309
0.6178372973178233,0.6030980435993825,0.049487362669907525
0.6160249870908426,0.6031304419539977,0.04942953554104247
0.6166541353383459,0.6031642511874585,0.0493723289807792
0.617281795511222,0.6031994570336524,0.04931575589637971
0.617907966402402,0.6032360453654155,0.04925982887300235
0.6185326469390022,0.6032740021931415,0.04920456017745321
0.6191558361791514,0.6033133136634039,0.049149961761866076
0.6197775333088864,0.6033539660575903,0.04909604526731423
0.617977254758864,0.6033899840100565,0.04904090196305382
0.618595756526791,0.6034273446304907,0.04898640271534157
0.6192127956833839,0.6034660344615027,0.04893255922348652
0.619828371446378,0.6035060401754022,0.04887938288593996
0.6180452024569145,0.6035415015468205,0.04882500476008457
0.6186576464304789,0.6035782804881432,0.048771256859328746
0.6192686556587059,0.6036163639230233,0.04871815063758397
0.6175039375631773,0.6036499900093191,0.04866392075679475
0.6181118480307869,0.6036849220335255,0.04861029634150764
0.6163669169431348,0.603715481057404,0.048555675715910816
0.6169717330861909,0.6037473470478578,0.048501624877349894
0.6152462645268401,0.6037749223895341,0.048446699337070596
0.613541702523149,0.6037982878922461,0.04839106638740842
0.6141416679037581,0.6038229737633952,0.048335921015854426
0.6124559609046483,0.6038435284946839,0.04828017731718692
0.6130528220789504,0.6038654033012975,0.048224887100219875
0.6136483885130191,0.6038885857307091,0.04817006328762046
0.6142426585100781,0.6039130634441355,0.04811571852518399
0.6148356304919934,0.6039388242154747,0.04806186518501526
0.6131631520532741,0.6039605285162696,0.048007368828570186
0.6137531068765535,0.6039835157894158,0.04795333071527403
0.6143417884355312,0.6040077740391725,0.04789976319918984
0.6149291952111011,0.6040332913783593,0.04784667836943005
0.6155153257956997,0.6040600560273507,0.04779408805313615
0.6138559115303301,0.60408283708666,0.04774081300857642
0.6144391086170614,0.6041068655588883,0.04768800018829293
0.6150210535361348,0.6041321298829098,0.047635661409065604
0.6156017449319989,0.6041586186012678,0.04758380823395325
0.616181181554049,0.6041863203592236,0.047532451975087736
0.6167593622543567,0.6042152239038101,0.04748160369641068
0.6151112517135927,0.604240214793282,0.04742998512267024
0.6156866038250792,0.6042664079031946,0.04737884322261773
0.616260723279312,0.6042937921848753,0.04732818906318323
0.6168336089701584,0.6043223566878031,0.04727803347078425
0.6151998343342306,0.6043470782279086,0.04722711845345913
0.6157699443413729,0.6043729804186421,0.04717667141449989
0.6163388432295995,0.6044000525064497,0.047126703183173885
0.6169065299326885,0.6044282838324683,0.047077224355609765
0.6152868444064832,0.6044527400499773,0.047026996781463784
0.6136855957080676,0.6044734880402202,0.046976162143487904
0.6142490048873885,0.6044954062394291,0.046925746654681647
0.612664399434195,0.6045136813919901,0.04687481650871854
0.6132250719079578,0.604533126460106,0.046824276458106315
0.6137846006999682,0.6045537310797939,0.04677413774974396
0.6122147983172482,0.604570755673655,0.0467235302263773
0.6106627248090662,0.6045842633657512,0.0466725811617257
0.6112179424288209,0.6045989396468642,0.04662196543320668
0.6117720604036023,0.6046147743505215,0.046571694659436585
0.6123250770681993,0.6046317573961552,0.04652178023872065
0.6107856900808443,0.6046452825229347,0.04647152284723057
0.611336032388664,0.6046599552200086,0.04642159434514064
0.6118852931014627,0.6046757655873641,0.046372006087405986
0.61035995145863,0.6046881764735459,0.04632211377642404
0.610906565440344,0.6047017241619267,0.04627253478063389
0.6114521170787155,0.6047163989291372,0.046223280408219033
0.6119966047345091,0.6047321911326196,0.04617436175785641
0.6125400268567297,0.6047490912099445,0.04612578972100007
0.6130823819808701,0.6047670896781322,0.046077574984113745
0.6136236687271914,0.6047861771329793,0.046029728030854034
0.6141638857990359,0.6048063442483902,0.045982259144206075
0.6147030319811713,0.6048275817757137,0.045935178408573245
0.6131824907408259,0.6048454723730694,0.04588759616073264
0.6137191383444061,0.6048644331977945,0.045840376044329736
0.6142547336577188,0.6048844551603956,0.045793528123592275
0.6147892755069637,0.6049055292462394,0.045747062269963196
0.6132809323756606,0.6049233114184887,0.04570009873345776
0.6117888373097269,0.6049378570241905,0.04565275336534884
0.6103128247393127,0.6049492205922985,0.04560513734465531
0.6108420085458649,0.6049616526343947,0.04555780759768038
0.6093804130579613,0.604970955287918,0.04551027741025738
0.6079345422379479,0.6049771813109223,0.04546264986589478
0.6084597360956961,0.6049844822643494,0.045415249435816984
0.6089839741059446,0.6049928494020934,0.0453680871115057
0.6095072544789092,0.6050022740473476,0.04532117369745103
0.6100295755045233,0.6050127475920501,0.0452745198132076
0.6105509355509355,0.6050242614963306,0.045228135895403046
0.6110713330630343,0.6050368072879627,0.04518203219970021
0.6115907665609993,0.6050503765618199,0.0451362188027146
0.6121092346388789,0.6050649609793345,0.04509070560388861
0.6126267359631933,0.605080552267961,0.04504550232732399
0.611183233634551,0.6050931092255054,0.04499998506745095
0.6116983970052644,0.6051066724447658,0.044954754508872326
0.6122126098226007,0.6051212337918515,0.044909820340734874
0.6127258707968756,0.6051367851967697,0.04486519208181791
0.6132381787070657,0.6051533186529132,0.04482087908225635
0.6137495323995179,0.6051708262165519,0.044776890525226314
0.6142599307866806,0.6051893000063285,0.04473323542859467
0.6147693728458583,0.6052087322027576,0.044689922646533715
0.6152778576179878,0.6052291150477277,0.04464696087110232
0.6157853842064368,0.6052504408440079,0.04460435863379459
0.614345063538612,0.60526877677686,0.044561239257919986
0.6148503926786526,0.605288055682095,0.044518457017508416
0.6153547792780781,0.6053082699865046,0.044476020433116305
0.6158582224690344,0.6053294121758483,0.04443393786913793
0.6163607214428858,0.6053514747943824,0.044392217535266766
0.6149301397205589,0.6053705938860514,0.04434995238462156
0.6154304935944843,0.6053906335269049,0.04430802757752512
0.6159299184969862,0.6054115863797281,0.044266451316636486
0.614511344630629,0.6054296414556227,0.04422436827197774
0.6131070249882131,0.6054448441952912,0.04418187834741954
0.6117168238562987,0.6054572394120126,0.04413907769611324
0.6122116456564617,0.6054705617122975,0.044096544856763925
0.6108341486899936,0.6054811199543796,0.0440537628427092
0.6113268257970701,0.6054926046416933,0.04401122797459431
0.6099618629377095,0.6055013678932541,0.04396850304726442
0.6086105675146771,0.6055074524326307,0.043925674880735815
0.6090998043052838,0.605514468744882,0.0438830443725398
0.6095882066276803,0.6055224097544001,0.04384062073798074
0.6100757730903134,0.605531268437933,0.04379841304610445
0.6105625023610743,0.6055410378241916,0.043756430221186575
0.6110483931662527,0.6055517109934591,0.04371468104418734
0.6115334442895056,0.6055632810772038,0.043673174154173704
0.6101879718900995,0.6055722090517461,0.04363147046235254
0.6106709517114142,0.6055820332187204,0.04358998948876071
0.6111531050837409,0.6055927468184609,0.04354873983559642
0.6116344308282888,0.6056043431409366,0.04350772996697254
0.6102984975842213,0.6056133357739697,0.04346652056902604
0.6089756269092987,0.6056197646289129,0.043425194104214325
0.6094536803234423,0.6056270812619178,0.04338406073745463
0.6099309342057434,0.6056352790770488,0.0433431291271398
0.608618504435995,0.6056409506081495,0.04330210382764202
0.6090937294824713,0.6056475023707194,0.04326126168993181
0.6095681674429303,0.6056549278727501,0.0432206113280513
0.6082660250902217,0.6056598637843142,0.04317988972042368
0.6087384527588544,0.6056656724427568,0.043139341615792574
0.6092101055324592,0.6056723474579917,0.043098975582621823
0.6079181003355847,0.6056765687979871,0.043058559850537435
0.6083877611477098,0.6056816554628084,0.043018308232515755
0.6088566590073853,0.6056876011623301,0.04297822925031255
0.6093247926073716,0.6056943996510123,0.04293833129760309
0.6080415678616264,0.6056987786961815,0.04289837776008154
0.6085077406264765,0.6057040095377648,0.04285858762029951
0.6089731608204745,0.6057100860271379,0.042818969226910454
0.6094378271754799,0.6057170020589531,0.04277953080385995
0.6099017384731671,0.6057247515708312,0.042740280451612205
0.6086260012322859,0.6057301143243644,0.042700942843171816
0.6090879947616482,0.6057363096757247,0.04266177600982197
0.607823150054705,0.6057401528440101,0.04262256841291969
0.6065702524103564,0.6057416787623306,0.04258339008368606
0.6070291419320022,0.6057440410800731,0.042544340494360705
0.605786873676782,0.6057441195280524,0.04250536265985546
0.6062438475601182,0.6057450331076357,0.04246649708656547
0.6067001160944234,0.6057467759598014,0.04242775217075944
0.6054671399890976,0.6057462666046635,0.04238909529563123
0.6042457360490148,0.6057435383672896,0.0423505904668147
0.6046988945718528,0.6057416424620348,0.04231216571284355
0.6051513716825797,0.6057405731309126,0.04227382955417478
0.6039389889142228,0.6057373152932694,0.0422356593467885
0.6043895783419615,0.6057348825550901,0.04219756208267289
0.6048394965362475,0.605733269246948,0.04215954622217291
0.6036360101108302,0.6057294971981421,0.042121709635728484
0.6024437182749313,0.605723598133648,0.042084111296326145
0.6012625238895002,0.605715603376938,0.042046807964122905
0.6000923307750015,0.6057055438552887,0.04200985424246735
0.5989330437004856,0.6056934501050123,0.04197330263191594
0.5993761140819964,0.6056821892564864,0.0419367232477381
0.5982263497440387,0.6056689226381369,0.04190057463933719
0.5986675347496571,0.6056564867804309,0.04186438427321695
0.599108121386191,0.6056448762034907,0.041828161231083946
0.599548107700998,0.6056340854627784,0.04179191447798954
0.5999874917914881,0.6056241091488715,0.04175565286371536
0.5988433326478085,0.6056121501074234,0.04171978520807056
0.599280870407631,0.6056010034882336,0.041683888903233296
0.5997178147973959,0.6055906639650511,0.04164797272206138
0.5985816914870656,0.6055783675221074,0.04161245714372214
0.5974559867268873,0.6055641426870895,0.041577389988561204
0.5978898509546495,0.6055507260931516,0.041542267323794506
0.5983231428257606,0.605538112509788,0.04150709798951423
0.5987558604082676,0.6055262967395761,0.04147189071454158
0.5991880018179063,0.6055152736179733,0.041436654117751215
0.5996195652173913,0.6055050380131112,0.04140139670936451
0.6000505488157135,0.6054955848255941,0.041366126892212474
0.6004809508674507,0.6054869089882962,0.04133085296296913
0.5993569631449044,0.6054763218624872,0.041295930379881156
0.5997855994282651,0.6054665102720834,0.041260990528878584
0.5986705442459493,0.6054548132565479,0.04122642908738677
0.5990974206102762,0.6054438899014856,0.04119183746096511
0.599523733738867,0.6054337352596972,0.041157223910620426
0.5984163161728424,0.6054217191311237,0.04112299496518153
0.598840885142255,0.605410469842254,0.04108873139450231
0.5977421895510633,0.6053973840397092,0.04105487780418312
0.5981650202626881,0.6053850631474145,0.04102097712016486
0.5985873054502892,0.6053735023350044,0.04098703756281692
0.5974960442581108,0.6053601280428534,0.04095351314904532
0.5964144916693045,0.6053449659473051,0.04092044658398247
0.5968338638905618,0.6053305647593918,0.04088730862672188
0.5972527095623542,0.6053169197337211,0.04085410755225279
0.59767102684472,0.6053040261538072,0.040820851535277286
0.5965955223965342,0.605289365373071,0.04078803855498649
0.5955295249412896,0.6052729622799083,0.0407557092635378
0.5944729569680222,0.6052548414656267,0.04072390274324886
0.5934257416838106,0.6052350272281362,0.04069265654211679
0.5923878030061119,0.605213543575591,0.04066200670829887
0.5913590655551896,0.605190414229981,0.04063198782361544
0.5917696160267112,0.6051680462329755,0.04060180455539303
0.592179700499168,0.6051464350087928,0.0405714655988379
0.5911575944853815,0.6051231977321758,0.040541756885491075
0.5901445155176498,0.6050983574631634,0.04051271093792357
0.5891403907614247,0.6050719369884916,0.040484358905359105
0.5895462755185814,0.6050462747381281,0.040455803261168106
0.5899517224449717,0.6050213662359942,0.04042705283413683
0.5903567292478836,0.6049972070317304,0.04039811635000677
0.5893577126506546,0.6049714841791299,0.04036985523889542
0.5897610405323654,0.6049465080811879,0.040341398315657834
0.5901639344262295,0.6049222743538847,0.04031275421263559
0.5891712054948888,0.6048964951904493,0.04028478334530641
0.5881871570232021,0.6048691923503068,0.04025751480080624
0.5885871477465374,0.6048426311029923,0.04023003149796467
0.5889867209377707,0.6048168071450685,0.040202342082328535
0.5880087921400386,0.6047894770393692,0.040175352061757395
0.5870393833808468,0.6047606619522612,0.04014908875632513
0.5860784272453641,0.6047303828036277,0.04012357827523824
0.586473855643499,0.6047008414975433,0.04009781744577231
0.5855200213309911,0.604669854712137,0.040072819766292136
0.5859138047839908,0.6046396030187045,0.04004756323818305
0.5863072048205288,0.6046100822486591,0.04002205661715529
0.5853591603626555,0.6045791322134726,0.039997308531435974
0.5844193380231532,0.6045467729932634,0.039973342681880915
0.58480985306828,0.6045151433138964,0.03994910150525749
0.5838769230769231,0.6044821221615173,0.03992565127031014
0.5842658146964856,0.6044498277406466,0.0399019177788769
0.5846543457103404,0.6044182559989715,0.03987790978106138
0.5837269781285872,0.6043853081042734,0.03985468724560438
0.5841139003372049,0.6043530801110031,0.0398311824025179
0.5845004668534081,0.6043215680264672,0.03980740389898406
0.5848866752194803,0.604290767879388,0.03978336028420448
0.5839635699813437,0.6042586045915747,0.03976008316717506
0.5843481912532246,0.604227150542067,0.03973653320826134
0.5834317580396788,0.6041943502384354,0.03971375790538603
0.5825231625226658,0.6041602223837649,0.039691778006636126
0.5829049670677958,0.6041268021710039,0.039669501849553215
0.5832864350384566,0.6040940857390847,0.03964693797125886
0.582383134107272,0.6040600560343327,0.039625163576691866
0.5827630358956245,0.6040267273643191,0.03960309425628257
0.5818661971830986,0.6039921015359109,0.039581821200019615
0.5809769890795632,0.6039561965242786,0.03956136317627613
0.5813540952853068,0.6039209907591088,0.03954058786174159
0.5804712140811907,0.6038845214330156,0.03952063322382428
0.5808467683509945,0.6038487485245031,0.03950035465590015
0.5812220135779287,0.6038136683152836,0.039479760665814094
0.5815969472244222,0.6037792771061646,0.03945885966614348
0.5819715667931534,0.6037455712169637,0.0394376599756031
0.5810912664338733,0.6037106108700763,0.03941725009900476
0.580218379653408,0.6036744132873079,0.03939764759630687
0.5793528505392912,0.6036369954984647,0.03937886913247322
0.578494623655914,0.6035983743435607,0.0393609304960371
0.5776436440398444,0.6035585664749967,0.03934384661736279
0.576799857195201,0.6035175883597137,0.039327631586619755
0.5771667814041053,0.603477296605959,0.03931103885017705
0.5775334407171371,0.6034376876656706,0.03929407703971002
0.5778998324334388,0.6033987580083044,0.03927675468987968
0.5770594349779115,0.6033586677144988,0.03926028223461706
0.5762260991057261,0.6033174328077985,0.03924467304646073
0.5765897486751134,0.6032768748652603,0.039228683948604855
0.5769531429622476,0.603236990422983,0.03921232344506162
0.5773162792829963,0.6031977760339663,0.03919559994476435
0.576486235722676,0.603157426275188,0.03917972107788457
0.5768478899809982,0.6031177437166748,0.03916347391036837
0.5772092896472769,0.6030787249605463,0.03914686674253834
0.5775704321043573,0.6030403666254242,0.03912990778274239
0.5779313147734201,0.603002665346367,0.039112605148750125
0.5782919351135243,0.6029656177748036,0.03909496686911762
0.5786522906211565,0.6029292205784658,0.03907700088452161
0.5778219346061241,0.6028916910030213,0.03905983008536761
0.5781808446556456,0.6028548091428013,0.03904232611048015
0.5785394932935917,0.6028185717123257,0.03902449680224893
0.5788978780782059,0.6027829754420367,0.03900634991794804
0.5780708271421495,0.6027462560537754,0.03898898094141017
0.5784277847099439,0.6027101752357579,0.03897128894234644
0.5776063303659743,0.6026729843544693,0.03895437839252866
0.5779618671926364,0.6026364294474251,0.03893713951012094
0.578317149274995,0.6026005073201395,0.03891957994606734
0.5775000762517265,0.6025634860353778,0.03890279504486616
0.5778539497178308,0.6025270949656907,0.03888568422988567
0.5782075716884693,0.6024913309608713,0.03886825505830741
0.57856093979442,0.602456190885737,0.03885051500639358
0.5789140517007506,0.6024216716200698,0.038832471470661815
0.5792669051064177,0.6023877700585564,0.038814131769034234
0.5796194977438717,0.6023544831107279,0.03879550314196128
0.5788022367353908,0.602320100269304,0.03877760257904387
0.579153454916899,0.6022863296492569,0.03875940772516486
0.5795044156152792,0.6022531682023369,0.03874092573563784
0.5798551166175824,0.6022206128948009,0.038722163690630404
0.5802055557430722,0.6021886607073529,0.03870312859621902
0.5805557308428514,0.6021573086350854,0.038683827385420914
0.5809056397994924,0.6021265536874219,0.03866426691920384
0.5812552805266724,0.6020963928880565,0.03864445398747409
0.5816046509688129,0.6020668232748975,0.03862439531004338
0.5819537491007232,0.6020378419000068,0.038604097537574975
0.582302572927249,0.6020094458295423,0.038583567252509776
0.582651120482924,0.6019816321436995,0.03856281096997258
0.5829993898316265,0.6019543979366521,0.038541835138659136
0.5833473790662397,0.6019277403164939,0.03852064614170452
0.583695086308316,0.6019016564051803,0.03849925029753299
0.5840425097077457,0.6018761433384697,0.038477653860690054
0.5832158141430609,0.6018495237533121,0.038456648876157164
0.5823955196280446,0.6018218114967234,0.038436252084368364
0.5827406353722143,0.6017946689986801,0.038415636936049616
0.5830854778223199,0.6017680934430318,0.0383948096810497
0.5834300451321728,0.6017420820269881,0.0383737765063784
0.5837743354830932,0.6017166319610618,0.03835254353701095
0.582956353101923,0.6016900969131705,0.038331895214747516
0.5821446551434805,0.6016624903569987,0.03831184777833949
0.5824866725634099,0.6016354440695606,0.038291583237919445
0.5828284232900932,0.6016089553078994,0.03827110771341278
0.5831699055090034,0.6015830213419375,0.03825042726371339
0.5823614469255203,0.601556024748656,0.03823033435765936
0.5827016719983611,0.6015295810561592,0.03821003105096697
0.583041631799985,0.601503687569806,0.0381895233396819
0.5833813245577951,0.6014783416075514,0.03816881716046344
0.5837207485252178,0.6014535404998945,0.038147918391333455
0.5840599019814092,0.6014292815898269,0.03812683285240967
0.5843987832309647,0.6014055622327811,0.03810556630662397
0.5847373906036316,0.6013823797965793,0.038084124460425785
0.5850757224540256,0.6013597316613812,0.038062512964470975
0.5842656803821852,0.6013360228523948,0.03804142796840846
0.5834617202177647,0.6013112662005463,0.03802088601880899
0.5826638007992245,0.6012854744088433,0.03800090301746903
0.5829990142362623,0.6012602168671685,0.03798072265371517
0.5822061345018099,0.6012339353742506,0.03796110731340007
0.582540134891232,0.6012081863377727,0.03794128940096901
0.5828738807355789,0.6011829672103969,0.03792127461687016
0.5820850401318076,0.6011567337940802,0.037901821563546524
0.5813020998206183,0.6011294983565308,0.03788294487252197
0.5816336884830036,0.601102791767663,0.03786385547129734
0.5819650319509773,0.6010766115216757,0.03784455905429023
0.5811860390362779,0.6010494386084443,0.037825835410741006
0.5815161884314033,0.6010227902453106,0.03780689981712534
0.5818460955128228,0.600996663958209,0.037787757909181735
0.5821757585868135,0.6009710572842344,0.03776841526820406
0.5825051759834369,0.6009459677715975,0.03774887742172327
0.5828343460562798,0.6009213929795821,0.037729149844175205
0.5831632671821969,0.6008973304785016,0.037709237957554875
0.5834919377610556,0.6008737778496552,0.03768914713205741
0.582712211534945,0.6008492351924732,0.037669581704522774
0.5830397198818251,0.6008252007588556,0.037649832317343354
0.5833669805864443,0.6008016721602405,0.03762990428793253
0.5836939920842509,0.6007786470188192,0.03760980288323262
0.5840207528328919,0.6007561229674941,0.03758953332032052
0.5832431262177961,0.6007326155893066,0.03756976895332605
0.5835687424654084,0.6007096077164863,0.03754983141912477
0.5838941108491159,0.6006870970111753,0.03752972588453416
0.583120360228794,0.6006636120689528,0.037510123062145205
0.5834445927903872,0.6006406227241217,0.037490347297228284
0.583768580329328,0.6006181266675953,0.037470403706921895
0.584092321349312,0.6005961216005935,0.03745029736041021
0.5833215287418194,0.6005731500675366,0.037430682721999245
0.5836441468169874,0.6005506679915067,0.03741090042459961
0.5839665211831718,0.6005286731018404,0.03739095548918256
0.5831995362481774,0.6005057206026966,0.03737149992014036
0.5824380672062791,0.6004818215902674,0.037352547989740824
0.5827584519790596,0.6004584089487731,0.037333418841304256
0.5820015824163568,0.6004340595734006,0.03731479889132285
0.5823208568419077,0.600410195011172,0.03729599709020202
0.5815685458706054,0.600385403367566,0.037277709800046466
0.5818867141572723,0.6003610949717574,0.03725923611360987
0.5811389213667608,0.6003358690221445,0.03724128200966594
0.5814559877263048,0.6003111247478381,0.03722313705129913
0.5817728311363932,0.6002868599656241,0.03720480624971861
0.582089450090682,0.6002630725017353,0.037186294569745995
0.5824058431031246,0.6002397601918155,0.037167606930372354
0.5816599208199863,0.6002155361509135,0.03714942009597177
0.5819752281616688,0.6001917857498859,0.03713105284814992
0.5822903120936281,0.6001685068504629,0.0371125100584449
0.5826051711617382,0.6001456973235944,0.03709379655371546
0.5829198039314771,0.6001233550494153,0.03707491711666803
0.583234208987722,0.600101477917211,0.0370558764863733
0.5835483849345461,0.6000800638253835,0.03703667935877269
0.5838623303950179,0.6000591106814166,0.03701733038717487
0.5841760440110028,0.6000386164018419,0.03699783418274261
0.5834286664449617,0.6000172118271552,0.036978789004544724
0.5837413260093672,0.5999962647411605,0.036959592051265394
0.5840537562902601,0.599975773085054,0.03694024789192227
0.5843659559583013,0.5999557348088964,0.03692076105439913
0.584677923702314,0.5999361478715803,0.03690113602590714
0.5839324994254572,0.5999156566443765,0.03688194447781964
0.5842434284853506,0.599895615431897,0.036862610210824556
0.5845541281646758,0.5998760222169963,0.036843137671898056
0.5838122605363985,0.5998555327250568,0.0368240969072605
0.5841219290263876,0.5998354899177973,0.03680491340017251
0.584431370642291,0.5998158918016707,0.03678559155780266
0.5847405841101099,0.5997967363916433,0.03676613574810904
0.5850495681731693,0.599778021711163,0.03674655030027041
0.5843096382364106,0.5997584166623992,0.03672737963462327
0.5835747862219441,0.5997379310542467,0.03670863737320904
0.5828449807166062,0.599716574606285,0.036690336668900654
0.5831513619124239,0.5996956589336917,0.03667188455395464
0.5834575260804769,0.5996751820952892,0.0366532853954088
0.5837634719411984,0.5996551421580675,0.03663454352169724
0.5840691982320232,0.5996355371971541,0.036615663223080144
0.5843747037072153,0.5996163652957849,0.03659664875206523
0.5836459587775767,0.5995963271445701,0.0365780517623826
0.5839504658761081,0.5995767208021284,0.03655931632995178
0.5842547545333923,0.599557544373757,0.03654044666979209
0.5845588235294118,0.5995387959727015,0.03652144696004734
0.5848626716604245,0.599520473720127,0.03650232134238573
0.585166297738799,0.5995025757450879,0.03648307392239208
0.5854697005928516,0.5994851001844999,0.03646370876995255
0.585772879066684,0.5994680451831095,0.03644422991963209
0.5860758320200241,0.5994514088934659,0.036424641371044536
0.5863785583280674,0.5994351894758909,0.03640494708921586
0.5866810568813207,0.5994193850984504,0.03638515100494027
0.5869833265854466,0.5994039939369243,0.03636525701512972
0.5862512085571969,0.5993877358585811,0.03634571284735915
0.5855239664881198,0.5993706200939262,0.03632653246408022
0.5858245421747271,0.5993539171618433,0.036307241607951846
0.5861248959807572,0.599337625263837,0.03628784417889204
0.5864250268118445,0.5993217426089146,0.03626834404339485
0.5857004270288403,0.5993050088059906,0.03624919963798669
0.5849806303794034,0.5992874328815408,0.03623042442817645
0.5852790809575363,0.5992702657835948,0.03621153421710924
0.585577315381477,0.5992535057463828,0.036192532873491084
0.5858753325572418,0.5992371510114328,0.03617342423305345
0.5851581181654532,0.5992199604951374,0.036154676747034285
0.5844456356651478,0.5992019430258325,0.036136303403128754
0.5847419862749176,0.5991843304110324,0.03611781073380837
0.5850381263132315,0.5991671209169961,0.036099202576269855
0.5843288899137628,0.5991490914747079,0.03608096741115723
0.5846240960728568,0.5991314640531037,0.036062612752051915
0.5849190938511327,0.5991142369377073,0.03604414240405765
0.5852138821630347,0.599097408421031,0.03602556014013062
0.5845071453457902,0.5990797660231165,0.03600734290735846
0.583805034201964,0.5990613182793711,0.03598950307099499
0.5840981801017465,0.5990432686555139,0.03597153967727967
0.5843911229962068,0.5990256154679726,0.035953456499793306
0.5846838618009946,0.5990083570399739,0.035935257280395365
0.5839841942053133,0.5989902991519515,0.03591742752147822
0.5842760180995475,0.5989726349490073,0.03589947785673476
0.5845676400056425,0.5989553627728162,0.03588141199686786
0.5838711067074485,0.5989372977954924,0.03586371439479274
0.583179096352749,0.5989184482722356,0.03584639682779404
0.5834690995981319,0.5988999902690407,0.03582895179677497
0.5837589071094345,0.5988819221507119,0.03581138301229939
0.5840485178115782,0.5988642422885675,0.03579369415399629
0.5843379306430558,0.598846949060418,0.03577588887088266
0.5836475850744578,0.5988288760949175,0.03575844934866448
0.5839361014062548,0.5988111887140521,0.035740889673086876
0.583249507611939,0.5987927288313687,0.03572370088461429
0.5835371304245164,0.5987746534778061,0.035706388274023046
0.5838245604195295,0.5987569610599857,0.03568895545989802
0.5841117965504218,0.5987396499908254,0.03567140603092512
0.5834275331373977,0.5987215719307859,0.03565421985496617
0.5837138847430443,0.5987038741864608,0.035636913422411626
0.5840000444474076,0.598686555187946,0.03561949029229581
0.5833187833437262,0.5986684754563646,0.03560242916130857
0.5826418746111841,0.5986496427879213,0.03558574108033011
0.5829264659638205,0.5986311883550292,0.035568925617686264
0.5832108713240758,0.5986131106093892,0.03555198633174317
0.5825369065236072,0.598594286014441,0.03553541864123618
0.5818672363970034,0.5985747222137188,0.03551923310909849
0.5821500792479641,0.5985555345467027,0.03550291329873362
0.5824327419055824,0.5985367214864447,0.03548646276696431
0.5827152233219911,0.598518281511894,0.035469885041518
0.5820477543411188,0.5984991074406825,0.035453681888146175
0.5823293716327801,0.5984803054223011,0.03543734815199401
0.5826108094967993,0.5984618739520045,0.03542088733118813
0.5819462072645254,0.5984427142458705,0.03540479952738136
0.5812858076154783,0.5984228337051631,0.03538909481474394
0.581565705334535,0.5984033231399194,0.035373252890605306
0.5809087989723828,0.5983830982564887,0.03535779806860843
0.5811878412473801,0.5983632423015128,0.035342202809764384
0.5814667124831185,0.5983437538011456,0.03532647060868322
0.5817454116371407,0.5983246312871318,0.035310604931624134
0.5820239376793073,0.598305873296789,0.03529460921679625
0.5823022895916828,0.59828747837299,0.03527848687465404
0.581646145928184,0.5982683723655907,0.035262732747893405
0.5819236562424294,0.5982496284250826,0.03524684875693437
0.5822009941465157,0.5982312451097577,0.035230838283818684
0.582478158641786,0.5982132209833642,0.03521470468344135
0.5827551487414188,0.5981955546150877,0.03519845128383165
0.5830319634703196,0.5981782445795343,0.03518208138642914
0.583308601865013,0.5981612894567127,0.0351655982663547
0.5835850629735353,0.5981446878320166,0.035149005172676585
0.5829284157551162,0.5981273769422818,0.03513275041352013
0.5832040541938153,0.5981104186209767,0.035116382407130886
0.5825508203487773,0.5980927573289537,0.03510035720777605
0.5819016217913575,0.5980744000324258,0.03508468468482603
0.5821757921741744,0.5980563948140133,0.03506888928477086
0.5824497932285555,0.598038740287333,0.03505297425526985
0.581803308024644,0.5980203951661321,0.03503741050011783
0.5811608065194934,0.5980013662850412,0.03502220746598388
0.581433344955095,0.5979826875687729,0.03500687537320935
0.5817057192479966,0.5979643576494927,0.034991417467567114
0.5819779284346214,0.5979463751644367,0.034975836969191196
0.5813374451789032,0.5979277134453518,0.03496061026260947
0.5816088475264505,0.5979093982198536,0.03494525792347768
0.5818800863643913,0.5978914281392982,0.03492978314558463
0.5821511607470159,0.5978738018600235,0.0349141890976319
0.5824220697395351,0.5978565180433338,0.034898478923489545
0.5826928124179821,0.5978395753554844,0.03488265574244713
0.5820530726256983,0.5978219564908306,0.034867168886057
0.5823230211817169,0.5978046778561492,0.03485156597469017
0.5825928050194537,0.5977877381313867,0.03483585010272733
0.5828624232319504,0.597771136001354,0.03482002434048642
0.5822246941045606,0.5977538621770243,0.03480452835765504
0.581590825009249,0.5977359231790578,0.034789371433049644
0.5818590332003613,0.5977183213054672,0.03477409555226351
0.5812283764637707,0.5977000600154986,0.034759162561520646
0.5814958006252511,0.5976821349498014,0.03474410769243119
0.5817630665428054,0.5976645448189649,0.03472893401311104
0.5820301733074774,0.597647288338268,0.03471364456793371
0.582297120020639,0.5976303642276641,0.03469824237776912
0.5825639057938986,0.597613771211768,0.03468273044021825
0.5828305297490102,0.5975975080198397,0.034667111729843644
0.5830969910177831,0.5975815733857716,0.03465138919839577
0.5833632887419935,0.5975659660480725,0.03463556577503556
0.582731526951297,0.5975497002157296,0.034620053018763725
0.5829970600103764,0.597533760850773,0.03460443640320309
0.58326243106502,0.5975181467043991,0.034588718834957774
0.5826332340878383,0.5975018790403372,0.03457331095249271
0.5828978452287208,0.597485935771984,0.0345577991819184
0.5831622958860534,0.5974703156630571,0.03454218640748963
0.5834265852227235,0.5974550174817496,0.03452647549157082
0.5827993390561399,0.5974390700623529,0.03451106821636761
0.5821758054596206,0.5974224795573498,0.03449597366662217
0.5824387480526838,0.5974062105763459,0.03448077233654166
0.5818183102870831,0.5973893039599801,0.03446588760913675
0.5812015426448227,0.5973717657570384,0.034451328119988564
0.581463137801166,0.597354548627216,0.034436653385431636
0.5808494208494208,0.5973367052458347,0.034422307440261896
0.580239332204775,0.5973182415600452,0.034408298484888196
0.5804995794511196,0.5973000984509741,0.03439416599220049
0.580759680839192,0.5972822747250993,0.03437991286425842
0.5810196354997959,0.5972647691931022,0.03436554198115129
0.5812794425732375,0.5972475806698551,0.034351056201218456
0.5815391012092443,0.5972307079744086,0.034336458361265886
0.5809296386275314,0.5972132175566545,0.03432218183795165
0.5811885605987424,0.5971960421472676,0.03430779057798665
0.5814473355044972,0.5971791805769863,0.03429328739597471
0.5817059625095902,0.5971626316806575,0.034278675085430255
0.5810983134512546,0.5971454689475064,0.03426437811093805
0.5804942122978409,0.5971276981293104,0.03425040455637197
0.5807515251915449,0.597110239522767,0.0342363138116246
0.5801503663789678,0.597092177890026,0.03422254973777707
0.5804069517141368,0.5970744276494133,0.03420866590494774
0.5806633956632826,0.5970569876579297,0.03419466510364787
0.5809196973901821,0.5970398567765414,0.03418055010356784
0.5811758560676163,0.5970230338701693,0.03416632365378341
0.5814318708772939,0.5970065178076768,0.03415198848295827
0.5816877410097749,0.5969903074618589,0.034137547299543256
0.5810866136447532,0.596973495946196,0.03412341313180839
0.5804889592370254,0.5969560888324588,0.03410959387290276
0.5807435427889093,0.5969389869906406,0.03409566076472282
0.5801487686349833,0.5969212944528581,0.03408204575775209
0.5795574288724974,0.5969030166996157,0.03406875635340424
0.5798107255520505,0.5968850437331092,0.034055345421054796
0.5792222251676696,0.5968664903522632,0.03404226300266877
0.5786371211653601,0.5968473619480796,0.03402951621980329
0.578889130869966,0.5968285378064884,0.03401664038751406
0.5791410100211839,0.5968100168349855,0.0340036382474833
0.5793927577822077,0.5967917979447629,0.03399051252108688
0.5796443733249389,0.5967738800506982,0.03397726590959943
0.5798958558299139,0.5967562620713446,0.033963901094395774
0.5793112606425013,0.5967380712460799,0.03395085745036336
0.5795620437956205,0.596720179550819,0.03393769322596025
0.5798126951092611,0.5967025859145635,0.03392441108151013
0.5800632137780941,0.596685289269931,0.03391101365784743
0.5803135990051878,0.5966682885531451,0.033897503576509704
0.5797300965602823,0.5966507178145634,0.0338843047080509
0.5799797905961774,0.5966334422423163,0.03387099080629053
0.5802293523852433,0.5966164607828369,0.03385756447250465
0.5796480545367736,0.5965989133099868,0.03384444802427112
0.5798969292435495,0.5965816591942157,0.03383121679251787
0.5801456728842037,0.5965646973920382,0.033817873358452336
0.5803942846807741,0.5965480268634699,0.03380442028457817
0.5806427638633782,0.5965316465720177,0.0337908601148766
0.5808911096701461,0.5965155554846701,0.03377719537498484
0.5803103548906906,0.5964989006022507,0.03376382661565548
0.5805580235137205,0.5964825341986691,0.03375035092571081
0.580805559943137,0.5964664552507147,0.033736770811733686
0.5810529634300126,0.5964506627386034,0.03372308876232772
0.5813002332332164,0.5964351556459674,0.033709307248287704
0.5815473686193493,0.5964199329598461,0.03369542872276711
0.5809671819873792,0.5964041487402624,0.03368183250512367
0.5803902357674429,0.596387808012739,0.03366852587606556
0.580636168840625,0.5963717512959479,0.03365511509200671
0.580061909477631,0.5963551424957256,0.03364199688520009
0.5803071772059845,0.5963388169969568,0.03362877223324772
0.580552316204749,0.5963227738050948,0.03361544358691718
0.5807973257397548,0.5963070119288864,0.033602013379547914
0.5810422050843793,0.5962915303803624,0.0335884840272158
0.5812869535194856,0.5962763281748297,0.033574857928895
0.581531570333362,0.5962614043308606,0.033561137466617076
0.5817760548216617,0.596246757870285,0.03354732500562748
0.5820204062873426,0.5962323878181811,0.033533422894539436
0.5822646240406079,0.5962182932028657,0.03351943346548527
0.5825087073988477,0.5962044730558858,0.03350535903426521
0.5827526556865803,0.5961909264120093,0.03349120190049369
0.5829964682353942,0.5961776523092159,0.0334769643477433
0.5832401443838913,0.596164649788688,0.033462648643686206
0.5834836834776291,0.5961519178948014,0.0334482570402334
0.583727084869065,0.5961394556751166,0.03343379177367144
0.5839703479175,0.5961272621803695,0.03341925506479702
0.5833910062366976,0.5961145131754209,0.03340495257540754
0.5836336336336336,0.5961020322958791,0.03339057624975113
